video_id,title,publishedAt,channelTitle,view_count,likes,dislikes,comment_count
"{'kind': 'youtube#video', 'videoId': 'zAGVQLHvwOY'}"
"{'kind': 'youtube#video', 'videoId': '1JLUn2DFW4w'}"
"{'kind': 'youtube#video', 'videoId': 'xhJ5P7Up3jA'}"
"{'kind': 'youtube#video', 'videoId': '0II-EFw9J0A'}"
"{'kind': 'youtube#video', 'videoId': 'K1b8AhIsSYQ'}"
"{'kind': 'youtube#video', 'videoId': '_QdPW8JrYzQ'}"
"{'kind': 'youtube#video', 'videoId': 'C4Uc-cztsJo'}"
"{'kind': 'youtube#video', 'videoId': 'arj7oStGLkU'}"
"{'kind': 'youtube#video', 'videoId': 'S1Fu2H21_wA'}"
"{'kind': 'youtube#video', 'videoId': 'Fru8IkuDp_k'}"
"{'kind': 'youtube#video', 'videoId': '6VYMM7_RcHg'}"
"{'kind': 'youtube#video', 'videoId': 'eIho2S0ZahI'}"
"{'kind': 'youtube#video', 'videoId': 'KVit4vSAMsk'}"
"{'kind': 'youtube#video', 'videoId': 'vSKlICmmi98'}"
"{'kind': 'youtube#video', 'videoId': 'j1p2PbfNk0c'}"
"{'kind': 'youtube#video', 'videoId': 'lmyZMtPVodo'}"
"{'kind': 'youtube#video', 'videoId': '5ZgICeN3Oc8'}"
"{'kind': 'youtube#video', 'videoId': 'Dga9YZzD6Lw'}"
"{'kind': 'youtube#video', 'videoId': 'JWukx3HGBKI'}"
"{'kind': 'youtube#video', 'videoId': 'AByj4Do85QM'}"
"{'kind': 'youtube#video', 'videoId': 'd0yGdNEWdn0'}"
"{'kind': 'youtube#video', 'videoId': 'N6zqatiur3A'}"
"{'kind': 'youtube#video', 'videoId': 'Hu_BvqxKIRw'}"
"{'kind': 'youtube#video', 'videoId': 'cykdSb7xqI4'}"
"{'kind': 'youtube#video', 'videoId': 'XZOOA9heAf0'}"
"{'kind': 'youtube#video', 'videoId': 'nS9W-wlJHPA'}"
"{'kind': 'youtube#video', 'videoId': 'XEiYKJGiLtI'}"
"{'kind': 'youtube#video', 'videoId': 'Y95eI-ek_E8'}"
"{'kind': 'youtube#video', 'videoId': 'T76FdtKreNQ'}"
"{'kind': 'youtube#video', 'videoId': 'kGM4uYZzfu0'}"
"{'kind': 'youtube#video', 'videoId': 'KM4Xe6Dlp0Y'}"
"{'kind': 'youtube#video', 'videoId': 'A6Dkt7zyImk'}"
"{'kind': 'youtube#video', 'videoId': 'Ffm0EByLyuo'}"
"{'kind': 'youtube#video', 'videoId': 'g13RhMzIBbU'}"
"{'kind': 'youtube#video', 'videoId': '6WtsPc3w9XU'}"
"{'kind': 'youtube#video', 'videoId': 'xYemnKEKx0c'}"
"{'kind': 'youtube#video', 'videoId': 'Lp7E973zozc'}"
"{'kind': 'youtube#video', 'videoId': 'UQrPVmcgJJk'}"
"{'kind': 'youtube#video', 'videoId': 'ynrp7W2trzs'}"
"{'kind': 'youtube#video', 'videoId': 'v2MkhDtmuIQ'}"
"{'kind': 'youtube#video', 'videoId': '6dv8zJiggBs'}"
"{'kind': 'youtube#video', 'videoId': 'KBCcDrG2NjM'}"
"{'kind': 'youtube#video', 'videoId': 'BriBDiBxaMY'}"
"{'kind': 'youtube#video', 'videoId': 'uGMpbzKUVsE'}"
"{'kind': 'youtube#video', 'videoId': '9Ffm_X-ppFo'}"
"{'kind': 'youtube#video', 'videoId': 'OulDbMXksGU'}"
"{'kind': 'youtube#video', 'videoId': '8RmvFk2mp2g'}"
"{'kind': 'youtube#video', 'videoId': 'ynZ5Uh_4n54'}"
"{'kind': 'youtube#video', 'videoId': 'ryTn81fJUko'}"
"{'kind': 'youtube#video', 'videoId': 'xp0O2vi8DX4'}"
"{'kind': 'youtube#video', 'videoId': 'P_6vDLq64gE'}"
"{'kind': 'youtube#video', 'videoId': '_VB39Jo8mAQ'}"
"{'kind': 'youtube#video', 'videoId': 'P3fIZuW9P_M'}"
"{'kind': 'youtube#video', 'videoId': '-WLHr1_EVtQ'}"
"{'kind': 'youtube#video', 'videoId': 'okM3OYaBQGg'}"
"{'kind': 'youtube#video', 'videoId': '8NRLuUnpGYg'}"
"{'kind': 'youtube#video', 'videoId': 'kJGupYFaCGs'}"
"{'kind': 'youtube#video', 'videoId': 'ziAJujCeSZ4'}"
"{'kind': 'youtube#video', 'videoId': 'p5SGdWWu0sI'}"
"{'kind': 'youtube#video', 'videoId': 'Ywpoj0SS0sk'}"
"{'kind': 'youtube#video', 'videoId': '4jwUXV4QaTw'}"
"{'kind': 'youtube#video', 'videoId': 'P8axlqSOCGY'}"
"{'kind': 'youtube#video', 'videoId': 'e4PTvXtz4GM'}"
"{'kind': 'youtube#video', 'videoId': 'I2O7blSSzpI'}"
"{'kind': 'youtube#video', 'videoId': '7H6doOmS-eM'}"
"{'kind': 'youtube#video', 'videoId': 'SskrmHCoiRc'}"
"{'kind': 'youtube#video', 'videoId': 'Km9-DiFaxpU'}"
"{'kind': 'youtube#video', 'videoId': '6DFpTlLErys'}"
"{'kind': 'youtube#video', 'videoId': 'v7KQsS2kLM4'}"
"{'kind': 'youtube#video', 'videoId': '1VPfZ_XzisU'}"
"{'kind': 'youtube#video', 'videoId': '7TXEZ4tP06c'}"
"{'kind': 'youtube#video', 'videoId': 'G0LY-6Lg-to'}"
"{'kind': 'youtube#video', 'videoId': 'smO1glL1i2c'}"
"{'kind': 'youtube#video', 'videoId': 'dUwN6GI-0EQ'}"
"{'kind': 'youtube#video', 'videoId': '0mm57rH1sTE'}"
"{'kind': 'youtube#video', 'videoId': 'uxPdPpi5W4o'}"
"{'kind': 'youtube#video', 'videoId': '4DPSC0P99iw'}"
"{'kind': 'youtube#video', 'videoId': 'WDBUZCjWEPs'}"
"{'kind': 'youtube#video', 'videoId': '7pDxQPWD3L4'}"
"{'kind': 'youtube#video', 'videoId': 'HNzY91nw2ak'}"
"{'kind': 'youtube#video', 'videoId': 'jvymyRS0Vug'}"
"{'kind': 'youtube#video', 'videoId': 'ftBeTIDv8Vg'}"
"{'kind': 'youtube#video', 'videoId': 'iIsY7IDwfFk'}"
"{'kind': 'youtube#video', 'videoId': 'KG12qZdMsHg'}"
"{'kind': 'youtube#video', 'videoId': 'DEXlPH0Y-BI'}"
"{'kind': 'youtube#video', 'videoId': 'Rn21UN-R-CU'}"
"{'kind': 'youtube#video', 'videoId': 'RyTQ5-SQYTo'}"
"{'kind': 'youtube#video', 'videoId': '2D2vWXt1uII'}"
"{'kind': 'youtube#video', 'videoId': 'EMpaw46kr2w'}"
"{'kind': 'youtube#video', 'videoId': 'b4nYHEON4Vo'}"
"{'kind': 'youtube#video', 'videoId': 'to5qRLRSS7g'}"
"{'kind': 'youtube#video', 'videoId': 'r15_6z9xryo'}"
"{'kind': 'youtube#video', 'videoId': '0r5d8RYA2Ts'}"
"{'kind': 'youtube#video', 'videoId': '7CG9mLVXKgk'}"
"{'kind': 'youtube#video', 'videoId': 'DYlesHOaPkY'}"
"{'kind': 'youtube#video', 'videoId': 'qAjkWPVeQeg'}"
"{'kind': 'youtube#video', 'videoId': 'wIjK-6Do6lg'}"
"{'kind': 'youtube#video', 'videoId': 'zx2wrAU-3x0'}"
"{'kind': 'youtube#video', 'videoId': 'yPL6jOa6AH8'}"
"{'kind': 'youtube#video', 'videoId': '0ukJy8vS2ZI'}"
"{'kind': 'youtube#video', 'videoId': 'pxBQLFLei70'}"
"{'kind': 'youtube#video', 'videoId': 'T5UvbccL0w8'}"
"{'kind': 'youtube#video', 'videoId': '_5XfPfYLOUk'}"
"{'kind': 'youtube#video', 'videoId': 'hHW1oY26kxQ'}"
"{'kind': 'youtube#video', 'videoId': 'BXlnrFpCu0c'}"
"{'kind': 'youtube#video', 'videoId': 'w82a1FT5o88'}"
"{'kind': 'youtube#video', 'videoId': 'vocCCB6LnMI'}"
"{'kind': 'youtube#video', 'videoId': '-Y24l9gX1Bc'}"
"{'kind': 'youtube#video', 'videoId': '2hlT8CqZ2pA'}"
"{'kind': 'youtube#video', 'videoId': 'd_etsAX53Ys'}"
"{'kind': 'youtube#video', 'videoId': 'jxJ2_IjJDkQ'}"
"{'kind': 'youtube#video', 'videoId': 'Mp2DVYJ63u4'}"
"{'kind': 'youtube#video', 'videoId': '9MgDN2Rjk44'}"
"{'kind': 'youtube#video', 'videoId': 'JjqQl5yKfSg'}"
"{'kind': 'youtube#video', 'videoId': 'wJB90G-tsgo'}"
"{'kind': 'youtube#video', 'videoId': 'gY0zDyCnH_4'}"
"{'kind': 'youtube#video', 'videoId': 'Geyg_F5pfHE'}"
"{'kind': 'youtube#video', 'videoId': 'zu3wZ-_IKrM'}"
"{'kind': 'youtube#video', 'videoId': 'ZSM3w1v-A_Y'}"
"{'kind': 'youtube#video', 'videoId': 'UAnySx2lHC8'}"
"{'kind': 'youtube#video', 'videoId': '5KlN9ujUw0s'}"
"{'kind': 'youtube#video', 'videoId': 'u086rr7SRso'}"
"{'kind': 'youtube#video', 'videoId': 'a6Xlb4LbRzM'}"
"{'kind': 'youtube#video', 'videoId': 'PWzCtm5ESJc'}"
"{'kind': 'youtube#video', 'videoId': '4o3NVOQp4jo'}"
"{'kind': 'youtube#video', 'videoId': 'wQQWlyuwI68'}"
"{'kind': 'youtube#video', 'videoId': 'BnTHFGS58iE'}"
"{'kind': 'youtube#video', 'videoId': '66Ck_5SePZg'}"
"{'kind': 'youtube#video', 'videoId': 'qRYjO6Ta9PM'}"
"{'kind': 'youtube#video', 'videoId': 'KPjnEGhMCbQ'}"
"{'kind': 'youtube#video', 'videoId': 'FdsY3amsd6w'}"
"{'kind': 'youtube#video', 'videoId': 'kNDapxeu_9Q'}"
"{'kind': 'youtube#video', 'videoId': '4fndeDfaWCg'}"
"{'kind': 'youtube#video', 'videoId': '-t97HJvr9K0'}"
"{'kind': 'youtube#video', 'videoId': 'ClSMoc9Hfxo'}"
"{'kind': 'youtube#video', 'videoId': 'djyWwPRVg3M'}"
"{'kind': 'youtube#video', 'videoId': 'sJutjZ5mm9E'}"
"{'kind': 'youtube#video', 'videoId': 'MqxxrmF-rvU'}"
"{'kind': 'youtube#video', 'videoId': 'T5YlSB-zgvE'}"
"{'kind': 'youtube#video', 'videoId': '61aqe1l7-B4'}"
"{'kind': 'youtube#video', 'videoId': 'c4z6RZXv5p8'}"
"{'kind': 'youtube#video', 'videoId': '-Te28j4UNPk'}"
"{'kind': 'youtube#video', 'videoId': 'XLhQvgdXbgo'}"
"{'kind': 'youtube#video', 'videoId': 'y3JemKZxIn0'}"
"{'kind': 'youtube#video', 'videoId': '1ktFpRbQPu4'}"
"{'kind': 'youtube#video', 'videoId': 'LLMIH9NJ5_o'}"
"{'kind': 'youtube#video', 'videoId': 'JjZfNpzSyGw'}"
"{'kind': 'youtube#video', 'videoId': 'fA5sGtj7QKQ'}"
"{'kind': 'youtube#video', 'videoId': 'J9b0J29OzAU'}"
"{'kind': 'youtube#video', 'videoId': 'dQw4w9WgXcQ'}"
"{'kind': 'youtube#video', 'videoId': 'S3ksC_8jGuc'}"
"{'kind': 'youtube#video', 'videoId': 'wKbOKbOPTUA'}"
"{'kind': 'youtube#video', 'videoId': 'SA7bKo4HRTg'}"
"{'kind': 'youtube#video', 'videoId': 'u9pvOxyiQLI'}"
"{'kind': 'youtube#video', 'videoId': 'W9ydkTzCb98'}"
"{'kind': 'youtube#video', 'videoId': 'Y8-dBAUWWfI'}"
"{'kind': 'youtube#video', 'videoId': 'fFyR24t4JtA'}"
"{'kind': 'youtube#video', 'videoId': 'lIm5j9uVEKw'}"
"{'kind': 'youtube#video', 'videoId': 'x6sXA-dgazo'}"
"{'kind': 'youtube#video', 'videoId': 'hBl0cwyn5GY'}"
"{'kind': 'youtube#video', 'videoId': 'ag1s6cxLVPo'}"
"{'kind': 'youtube#video', 'videoId': 'XRELEGimLf4'}"
"{'kind': 'youtube#video', 'videoId': 'wNq-JRJG08o'}"
"{'kind': 'youtube#video', 'videoId': '-TZ7TJsAUqQ'}"
"{'kind': 'youtube#video', 'videoId': 'wUoh29mk0Ws'}"
"{'kind': 'youtube#video', 'videoId': 'BGbo9EXWGcI'}"
"{'kind': 'youtube#video', 'videoId': '7f5oRveEnrs'}"
"{'kind': 'youtube#video', 'videoId': 'ALja3wAdQsM'}"
"{'kind': 'youtube#video', 'videoId': '9VdTjNdZw0s'}"
"{'kind': 'youtube#video', 'videoId': 'phsU1vVHOQI'}"
"{'kind': 'youtube#video', 'videoId': 'LLMIH9NJ5_o'}"
"{'kind': 'youtube#video', 'videoId': 'NbyKLOJVW_k'}"
"{'kind': 'youtube#video', 'videoId': 'ebsS9tEi5zc'}"
"{'kind': 'youtube#video', 'videoId': '9md3fIfMWiQ'}"
"{'kind': 'youtube#video', 'videoId': 'zORUUqJd81M'}"
"{'kind': 'youtube#video', 'videoId': 'pni_kDv9BsU'}"
"{'kind': 'youtube#video', 'videoId': 'RHRd3WyNOLQ'}"
"{'kind': 'youtube#video', 'videoId': 'LNA6tAlArnY'}"
"{'kind': 'youtube#video', 'videoId': 'tXTxkmDgRPQ'}"
"{'kind': 'youtube#video', 'videoId': '_J5bDhMP9lQ'}"
"{'kind': 'youtube#video', 'videoId': '_msvhI0OGyQ'}"
"{'kind': 'youtube#video', 'videoId': 'TWh5vBa-jhM'}"
"{'kind': 'youtube#video', 'videoId': 'rbzJTTDO9f4'}"
"{'kind': 'youtube#video', 'videoId': 'r_DN7Ky_CUg'}"
"{'kind': 'youtube#video', 'videoId': 'FXATwX5bVp8'}"
"{'kind': 'youtube#video', 'videoId': 'lZ9yltGuctI'}"
"{'kind': 'youtube#video', 'videoId': 'Q07j5AGWKGs'}"
"{'kind': 'youtube#video', 'videoId': 'UYgsIjFkF7I'}"
"{'kind': 'youtube#video', 'videoId': 'ur09wez6pMo'}"
"{'kind': 'youtube#video', 'videoId': 'B8mk-aoDOl8'}"
"{'kind': 'youtube#video', 'videoId': '4b-Zj7gPndc'}"
"{'kind': 'youtube#video', 'videoId': 'kt75MJHCFk4'}"
"{'kind': 'youtube#video', 'videoId': 'zcU8ZXOeZCg'}"
"{'kind': 'youtube#video', 'videoId': 'rO8ovBN-8is'}"
"{'kind': 'youtube#video', 'videoId': 'ypPSrRYOAj4'}"
"{'kind': 'youtube#video', 'videoId': '2aK8hy50fS4'}"
"{'kind': 'youtube#video', 'videoId': '0RWJEOScToE'}"
"{'kind': 'youtube#video', 'videoId': 'gB5rlezbgQU'}"
"{'kind': 'youtube#video', 'videoId': 'M2mgmOywNzs'}"
"{'kind': 'youtube#video', 'videoId': 'I10VPS3wjVs'}"
"{'kind': 'youtube#video', 'videoId': 'qqqMyxv5al4'}"
"{'kind': 'youtube#video', 'videoId': 'EwI75SVFNKM'}"
"{'kind': 'youtube#video', 'videoId': 'YzFUXKk2B4I'}"
"{'kind': 'youtube#video', 'videoId': 'bngsljjI0o4'}"
"{'kind': 'youtube#video', 'videoId': 'xnITeO-8Dt0'}"
"{'kind': 'youtube#video', 'videoId': 'GBouo6OXBMg'}"
"{'kind': 'youtube#video', 'videoId': '6n95QvoM2DA'}"
"{'kind': 'youtube#video', 'videoId': '5yfMdbR6Kus'}"
"{'kind': 'youtube#video', 'videoId': 'abwQv7vcGnA'}"
"{'kind': 'youtube#video', 'videoId': 'DTiL6G_j9zk'}"
"{'kind': 'youtube#video', 'videoId': 'WX5Z-lMvxoA'}"
"{'kind': 'youtube#video', 'videoId': 'FO_mJbJn-04'}"
"{'kind': 'youtube#video', 'videoId': 'z1zxj-axCEo'}"
"{'kind': 'youtube#video', 'videoId': 'V52xtPTF2gg'}"
"{'kind': 'youtube#video', 'videoId': 'jNQXAC9IVRw'}"
"{'kind': 'youtube#video', 'videoId': 'zg_YUu2JzEA'}"
"{'kind': 'youtube#video', 'videoId': 'a9y5D7WqGLQ'}"
"{'kind': 'youtube#video', 'videoId': 'k3DEkmqjUuI'}"
"{'kind': 'youtube#video', 'videoId': 'QCVxQ_3Ejkg'}"
"{'kind': 'youtube#video', 'videoId': 'dA42vievwZk'}"
"{'kind': 'youtube#video', 'videoId': 'fzjAfV-oUSM'}"
"{'kind': 'youtube#video', 'videoId': 'MWPFqqtaLTc'}"
"{'kind': 'youtube#video', 'videoId': 'ir_OzWzbnC0'}"
"{'kind': 'youtube#video', 'videoId': 'CZAgIPqD_D0'}"
"{'kind': 'youtube#video', 'videoId': 'YqNYrYUiMfg'}"
"{'kind': 'youtube#video', 'videoId': 'usnzZJPOnJw'}"
"{'kind': 'youtube#video', 'videoId': '1RA2Zy_IZfQ'}"
"{'kind': 'youtube#video', 'videoId': 'ThwuT3_AG6w'}"
"{'kind': 'youtube#video', 'videoId': 'Q_Ek1nWndTg'}"
"{'kind': 'youtube#video', 'videoId': '3OVBDbI20L8'}"
"{'kind': 'youtube#video', 'videoId': 'meEyj8ImlBM'}"
"{'kind': 'youtube#video', 'videoId': '-rF6g6laAqU'}"
"{'kind': 'youtube#video', 'videoId': '1gzdlfCp2Iw'}"
"{'kind': 'youtube#video', 'videoId': 'zKBh2NbIyCI'}"
"{'kind': 'youtube#video', 'videoId': 'EMzl6wK9knE'}"
"{'kind': 'youtube#video', 'videoId': 'wvH558USSk4'}"
"{'kind': 'youtube#video', 'videoId': '4gJlkS_WxZA'}"
"{'kind': 'youtube#video', 'videoId': 'Mjo1FbPnNaQ'}"
"{'kind': 'youtube#video', 'videoId': 'iL_MCUlObTg'}"
"{'kind': 'youtube#video', 'videoId': 'EkPCzwZ_x58'}"
"{'kind': 'youtube#video', 'videoId': '3yQYVRzuP7M'}"
"{'kind': 'youtube#video', 'videoId': 'm671DD130HY'}"
"{'kind': 'youtube#video', 'videoId': 'Mzpw-FRf_9I'}"
"{'kind': 'youtube#video', 'videoId': '1o_XIHrQeuw'}"
"{'kind': 'youtube#video', 'videoId': 'c09svrILsvU'}"
"{'kind': 'youtube#video', 'videoId': 'WDvzuV91PWU'}"
"{'kind': 'youtube#video', 'videoId': 'U0o-MU3bWhM'}"
"{'kind': 'youtube#video', 'videoId': 'B1dHa91vs-E'}"
"{'kind': 'youtube#video', 'videoId': 'UlhEXd-A_1U'}"
"{'kind': 'youtube#video', 'videoId': '5EvXrnxCseY'}"
"{'kind': 'youtube#video', 'videoId': 'B1dHa91vs-E'}"
"{'kind': 'youtube#video', 'videoId': 'UlhEXd-A_1U'}"
"{'kind': 'youtube#video', 'videoId': 'nhRPk-Xu7pM'}"
"{'kind': 'youtube#video', 'videoId': '5EvXrnxCseY'}"
"{'kind': 'youtube#video', 'videoId': 'CUciBrtqFGM'}"
"{'kind': 'youtube#video', 'videoId': 'HiXUfRvz2FQ'}"
"{'kind': 'youtube#video', 'videoId': 'h8pCbLcVxyI'}"
"{'kind': 'youtube#video', 'videoId': 'k7jeYJA9bgY'}"
"{'kind': 'youtube#video', 'videoId': 'ihcStNdSLXM'}"
"{'kind': 'youtube#video', 'videoId': 'q7LKSns5TiU'}"
"{'kind': 'youtube#video', 'videoId': 'zqcAQKhP9bI'}"
"{'kind': 'youtube#video', 'videoId': 'yLqS_UIW5jw'}"
"{'kind': 'youtube#video', 'videoId': 'Pwf9zKqVD0Q'}"
"{'kind': 'youtube#video', 'videoId': 'dJH4adVazl4'}"
"{'kind': 'youtube#video', 'videoId': 'vM7X47LIcCg'}"
"{'kind': 'youtube#video', 'videoId': '-S4foRxp22A'}"
"{'kind': 'youtube#video', 'videoId': 'INqmhY7PXns'}"
"{'kind': 'youtube#video', 'videoId': 'zD-5urMlw78'}"
"{'kind': 'youtube#video', 'videoId': 'tc4tZTEQ3VA'}"
"{'kind': 'youtube#video', 'videoId': 'yAtuqLI2nzw'}"
"{'kind': 'youtube#video', 'videoId': 'xOdKAueHYAQ'}"
"{'kind': 'youtube#video', 'videoId': 'I0wBFlcyZiY'}"
"{'kind': 'youtube#video', 'videoId': 'PiJj3XvqE1U'}"
"{'kind': 'youtube#video', 'videoId': '9Kqkdz3Tg5Q'}"
"{'kind': 'youtube#video', 'videoId': 'nJ61amwcEeQ'}"
"{'kind': 'youtube#video', 'videoId': '9QC03wbgq44'}"
"{'kind': 'youtube#video', 'videoId': 'be96p-HU2pQ'}"
"{'kind': 'youtube#video', 'videoId': 'gxfjeOl-RjE'}"
"{'kind': 'youtube#video', 'videoId': 'lo7N_OjLZDU'}"
"{'kind': 'youtube#video', 'videoId': 'aMzPujG1IeQ'}"
"{'kind': 'youtube#video', 'videoId': 'iRoMRK3FyIo'}"
"{'kind': 'youtube#video', 'videoId': 'c3nFTvXNsT8'}"
"{'kind': 'youtube#video', 'videoId': 'YnQwc1BOIZI'}"
"{'kind': 'youtube#video', 'videoId': 'WRaiFB_a59Q'}"
"{'kind': 'youtube#video', 'videoId': 'LTnk5utK0kE'}"
"{'kind': 'youtube#video', 'videoId': 'wNi9hayTnaU'}"
"{'kind': 'youtube#playlist', 'playlistId': 'PLoFRvPlmME6EW7Rm38Hg0jbrGM2d59Ki9'}"
"{'kind': 'youtube#channel', 'channelId': 'UC94XlnLwRY7AP1GhbfbAcYQ'}"
"{'kind': 'youtube#channel', 'channelId': 'UC2X0xF1b_PyuHlhKnFbaRDA'}"
"{'kind': 'youtube#playlist', 'playlistId': 'PLE403X8vX2i2BngdJZO6m4M6Y-QlekkCo'}"
"{'kind': 'youtube#channel', 'channelId': 'UCYfdidRxbB8Qhf0Nx7ioOYw'}"
"{'kind': 'youtube#playlist', 'playlistId': 'PLoFRvPlmME6HHuioGPo_5T5ijEqdDMNhJ'}"
"{'kind': 'youtube#channel', 'channelId': 'UCoxsgYIAUA0ZS9VDZY3_XKw'}"
"{'kind': 'youtube#channel', 'channelId': 'UC16g9gjqCZotKGQ2L9TJjyQ'}"
"{'kind': 'youtube#playlist', 'playlistId': 'PL7721F352885D1A14'}"
"{'kind': 'youtube#channel', 'channelId': 'UC8shNXv5qSMXrO8tX5AMcCA'}"
"{'kind': 'youtube#channel', 'channelId': 'UCBZaIfa8ByaAi8NM79g9WfQ'}"
"{'kind': 'youtube#channel', 'channelId': 'UCxAgnFbkxldX6YUEvdcNjnA'}"
"{'kind': 'youtube#channel', 'channelId': 'UC9eJ9dbgChv4zBYASORhm9g'}"
"{'kind': 'youtube#channel', 'channelId': 'UCAq6-68b1ksVLZRq0XpAkRA'}"
"{'kind': 'youtube#channel', 'channelId': 'UCZ0WORm43UZyppOhxJCsuLg'}"
"{'kind': 'youtube#channel', 'channelId': 'UCE6WdiDzIbjmxwbvZwwvF8w'}"
"{'kind': 'youtube#channel', 'channelId': 'UC_rBbswhqg4l-XscJeXaNKA'}"
"{'kind': 'youtube#channel', 'channelId': 'UCYUQQgogVeQY8cMQamhHJcg'}"
"{'kind': 'youtube#channel', 'channelId': 'UCoiolegtSLxx1u3lkPZ6U0Q'}"
"{'kind': 'youtube#channel', 'channelId': 'UCpi8TJfiA4lKGkaXs__YdBA'}"
"{'kind': 'youtube#channel', 'channelId': 'UCl12Df9mH2S5KOYzT5W95vg'}"
"{'kind': 'youtube#channel', 'channelId': 'UC2_DYuev0OpflPR_H-q0ppQ'}"
"{'kind': 'youtube#playlist', 'playlistId': 'PLZ_pEg029577qJWQ1govfXS0SW0gQw0B6'}"
"{'kind': 'youtube#channel', 'channelId': 'UCkvK_5omS-42Ovgah8KRKtg'}"
"{'kind': 'youtube#channel', 'channelId': 'UC3PPoRjqucHj8jj0xrBRJkQ'}"
"{'kind': 'youtube#playlist', 'playlistId': 'PLpr9lVIYKCE9r32GbYrpGnvHWrNR1_bX1'}"
"{'kind': 'youtube#channel', 'channelId': 'UCX1aoT25QZzgGQJo4uCtRxw'}"
"{'kind': 'youtube#playlist', 'playlistId': 'PLophBuf6iBSW-u3JjmRb74OO-_MW368kV'}"
"{'kind': 'youtube#channel', 'channelId': 'UCVfuJ3UCJP92PbDx1y-ofYg'}"
"{'kind': 'youtube#channel', 'channelId': 'UCU16ckF6_IZqUqqJl4SEsHQ'}"
"{'kind': 'youtube#playlist', 'playlistId': 'PLxQLsUWr0FzRaDtoXtq81_QieogPdXrED'}"
"{'kind': 'youtube#channel', 'channelId': 'UC7DWJmY_p7qLzIy2-V77U5Q'}"
"{'kind': 'youtube#channel', 'channelId': 'UCBrGH4sa3cnhkO4fhNNjumw'}"
"{'kind': 'youtube#channel', 'channelId': 'UCg9zUD2E1srKdxqcmexEoYQ'}"
"{'kind': 'youtube#channel', 'channelId': 'UCPJbCwmUIxYk7Awf_F_e76w'}"
"{'kind': 'youtube#channel', 'channelId': 'UCJ6ua5diuqYX4CP43Yi8P4w'}"
"{'kind': 'youtube#channel', 'channelId': 'UClvow1RFSyeh5CRwRB_m5sA'}"
"{'kind': 'youtube#channel', 'channelId': 'UCG9E2kOVf3OPldZNV_1rPqQ'}"
"{'kind': 'youtube#playlist', 'playlistId': 'PLoFRvPlmME6Gsk75zhhpiNBN5CYoPbdMI'}"
"{'kind': 'youtube#channel', 'channelId': 'UCm344bNV9IDtdc9MC-Aw0yw'}"
"{'kind': 'youtube#channel', 'channelId': 'UCiKzuib2rjqChVaiWxIcfQg'}"
"{'kind': 'youtube#channel', 'channelId': 'UCdq61m8s_48EhJ5OM_MCeGw'}"
"{'kind': 'youtube#channel', 'channelId': 'UCWMzUlE_8dGgy3QQAcj5aSQ'}"
"{'kind': 'youtube#channel', 'channelId': 'UCXOgGgBNOz7nDbr_pOqdt7w'}"
"{'kind': 'youtube#channel', 'channelId': 'UC1aCAwybBnp3ezS8BOr_nVg'}"
"{'kind': 'youtube#channel', 'channelId': 'UCzuqhhs6NWbgTzMuM09WKDQ'}"
"{'kind': 'youtube#channel', 'channelId': 'UC9gFih9rw0zNCK3ZtoKQQyA'}"
"{'kind': 'youtube#channel', 'channelId': 'UCNbngWUqL2eqRw12yAwcICg'}"
"{'kind': 'youtube#channel', 'channelId': 'UCjmJDM5pRKbUlVIzDYYWb6g'}"
"{'kind': 'youtube#channel', 'channelId': 'UCPtNLUGRiiwt5GeAZOnSuWw'}"
"{'kind': 'youtube#channel', 'channelId': 'UCwqbcz9puGiuJSufpOVZy5A'}"
"{'kind': 'youtube#channel', 'channelId': 'UCb2r3Gc8MVyZU_GOma8Qbiw'}"
"{'kind': 'youtube#channel', 'channelId': 'UCIPYAUOsPwGooCilzojYvIA'}"
"{'kind': 'youtube#channel', 'channelId': 'UCq0EGvLTyy-LLT1oUSO_0FQ'}"
"{'kind': 'youtube#channel', 'channelId': 'UCdN4aXTrHAtfgbVG9HjBmxQ'}"
"{'kind': 'youtube#playlist', 'playlistId': 'PLMWxa-uE499GABCIjkJ3oPQGObxTH8xgn'}"
"{'kind': 'youtube#channel', 'channelId': 'UCblvf-Xk9CzHgAvYBxNW3ag'}"
"{'kind': 'youtube#channel', 'channelId': 'UCf69PDS9TfGvwbFWcjr4eaQ'}"
"{'kind': 'youtube#channel', 'channelId': 'UC2etEuPIfohP4P53wM0KImA'}"
"{'kind': 'youtube#channel', 'channelId': 'UCBwejc-awS-mANgrkHQ5-6A'}"
"{'kind': 'youtube#channel', 'channelId': 'UCSmttcZ03BJQUme33Erh6nA'}"
"{'kind': 'youtube#channel', 'channelId': 'UCiDF_uaU1V00dAc8ddKvNxA'}"
"{'kind': 'youtube#channel', 'channelId': 'UCYn6CZe5UGIyPe9WJb0pTrg'}"
"{'kind': 'youtube#channel', 'channelId': 'UCeS9q65y7lXQNGbQDOqtmgQ'}"
"{'kind': 'youtube#channel', 'channelId': 'UCBwejc-awS-mANgrkHQ5-6A'}"
"{'kind': 'youtube#channel', 'channelId': 'UCSmttcZ03BJQUme33Erh6nA'}"
"{'kind': 'youtube#channel', 'channelId': 'UCiDF_uaU1V00dAc8ddKvNxA'}"
"{'kind': 'youtube#channel', 'channelId': 'UCeS9q65y7lXQNGbQDOqtmgQ'}"
"{'kind': 'youtube#channel', 'channelId': 'UCEgdi0XIXXZ-qJOFPf4JSKw'}"
"{'kind': 'youtube#channel', 'channelId': 'UCYz8PpVA-D6PXwkl_-gMMug'}"
"{'kind': 'youtube#playlist', 'playlistId': 'PLS_gQd8UB-hLRfPVUmNGByICEGx7NF-qp'}"
"{'kind': 'youtube#playlist', 'playlistId': 'PL4_9Aa96xokeZ8Q9MlQkfaqsE8Rl8Hzvn'}"
"{'kind': 'youtube#channel', 'channelId': 'UCAI5QLNSOSzOQTYCyNA06EQ'}"
"{'kind': 'youtube#channel', 'channelId': 'UCJ9xGkqeoGEsWJ6ongabYdg'}"
"{'kind': 'youtube#channel', 'channelId': 'UCBR8-60-B28hp2BmDPdntcQ'}"
"{'kind': 'youtube#channel', 'channelId': 'UCjpw7Bz1xeoKHbH-8hDmRZw'}"
"{'kind': 'youtube#channel', 'channelId': 'UCpB959t8iPrxQWj7G6n0ctQ'}"
"{'kind': 'youtube#channel', 'channelId': 'UCSblay-r16Uf-N-MIJ6X3Gw'}"
"{'kind': 'youtube#channel', 'channelId': 'UCf8w5m0YsRa8MHQ5bwSGmbw'}"
"{'kind': 'youtube#channel', 'channelId': 'UCPehZQV6v660bMH7JptW3jg'}"
"{'kind': 'youtube#channel', 'channelId': 'UC1vGae2Q3oT5MkhhfW8lwjg'}"
"{'kind': 'youtube#channel', 'channelId': 'UCzwy0nz6UABfnuB7rhXXfRQ'}"
"{'kind': 'youtube#channel', 'channelId': 'UCbCmjCuTUZos6Inko4u57UQ'}"
"{'kind': 'youtube#channel', 'channelId': 'UCJjheeAVwFB0S5HlWbBwIfQ'}"
"{'kind': 'youtube#channel', 'channelId': 'UCYKIsFwxZbmcP6ZXofAFCYQ'}"
"{'kind': 'youtube#channel', 'channelId': 'UCjmHiHCOYEUNMdJujiBQOqQ'}"
"{'kind': 'youtube#channel', 'channelId': 'UCcZUc0Wbt4EPVktbB8FrugQ'}"
"{'kind': 'youtube#channel', 'channelId': 'UCIl040AOqh73rxPrXrSd4_Q'}"
"{'kind': 'youtube#channel', 'channelId': 'UC-YBtyU2W4d7flJOyjKXYfw'}"
"{'kind': 'youtube#channel', 'channelId': 'UClgRkhTL3_hImCAmdLfDE4g'}"
"{'kind': 'youtube#channel', 'channelId': 'UCrvuY59InDI3iKvopKT8PEw'}"
"{'kind': 'youtube#channel', 'channelId': 'UCw1SQ6QRRtfAhrN_cjkrOgA'}"
"{'kind': 'youtube#channel', 'channelId': 'UCoK5NOxkZBLfI_5eqf8Es4Q'}"
"{'kind': 'youtube#channel', 'channelId': 'UCKS8WtM7U144j4fAU4xqiCw'}"
"{'kind': 'youtube#channel', 'channelId': 'UCblryhVf-nnueGdOKZtmLZA'}"
"{'kind': 'youtube#channel', 'channelId': 'UCoziFm3M4sHDq1kkx0UwtRw'}"
"{'kind': 'youtube#channel', 'channelId': 'UCtVy1X-hcxAL2ZlS6TqMQFw'}"
"{'kind': 'youtube#playlist', 'playlistId': 'PLfSYKeRdvVE6NJduaAvJohGd3fcw7AnvA'}"
"{'kind': 'youtube#playlist', 'playlistId': 'PL2RRF9GtC9s2b_RgB73SqppMavvX3xxN7'}"
"{'kind': 'youtube#channel', 'channelId': 'UCd07rKJ7Q0pg5ths7Pz8k8Q'}"
"{'kind': 'youtube#channel', 'channelId': 'UClVMW07nwiRok2BybleVX9Q'}"
"{'kind': 'youtube#channel', 'channelId': 'UCzjtGnD7qqeaHW3nvDVrjQA'}"
"{'kind': 'youtube#channel', 'channelId': 'UC-9-kyTW8ZkZNDHQJ6FgpwQ'}"
"{'kind': 'youtube#channel', 'channelId': 'UCdxpofrI-dO6oYfsqHDHphw'}"
"{'kind': 'youtube#channel', 'channelId': 'UCatfiM69M9ZnNhOzy0jZ41A'}"
"{'kind': 'youtube#channel', 'channelId': 'UCX49PVlb4bpvee5mZe1LIyA'}"
"{'kind': 'youtube#channel', 'channelId': 'UCAsRAZBKY8gk1URSifJZ_GQ'}"
"{'kind': 'youtube#channel', 'channelId': 'UCnLVjx_Wn2AqFRL141fdzFA'}"
"{'kind': 'youtube#channel', 'channelId': 'UCCqEeDAUf4Mg0GgEN658tkA'}"
"{'kind': 'youtube#channel', 'channelId': 'UCxVRolICWUM6JtOX5Z7_lAA'}"
"{'kind': 'youtube#channel', 'channelId': 'UCo8bcnLyZH8tBIH9V1mLgqQ'}"
"{'kind': 'youtube#playlist', 'playlistId': 'PLRAsZQoXc6hRFFef3GfgenomBqLWb7ee0'}"
"{'kind': 'youtube#channel', 'channelId': 'UCF0pVplsI8R5kcAqgtoRqoA'}"
"{'kind': 'youtube#channel', 'channelId': 'UCPK1tEesbRMr6UrVTa0UC_Q'}"
"{'kind': 'youtube#channel', 'channelId': 'UCh5fwwlEPTqN68kZYL8nK5A'}"
"{'kind': 'youtube#channel', 'channelId': 'UCqwUrj10mAEsqezcItqvwEw'}"
"{'kind': 'youtube#channel', 'channelId': 'UCCj956IF62FbT7Gouszaj9w'}"
"{'kind': 'youtube#channel', 'channelId': 'UCqZQlzSHbVJrwrn5XvzrzcA'}"
"{'kind': 'youtube#channel', 'channelId': 'UC4R8DWoMoI7CAwX8_LjQHig'}"
"{'kind': 'youtube#channel', 'channelId': 'UCuUfOBY_7RNpUiIykX2b5Fw'}"
"{'kind': 'youtube#channel', 'channelId': 'UCISgnSNwqQ2i8lhCun3KtQg'}"
"{'kind': 'youtube#channel', 'channelId': 'UCrpQ4p1Ql_hG8rKXIKM1MOQ'}"
"{'kind': 'youtube#video', 'videoId': 'lo7N_OjLZDU'}"
"{'kind': 'youtube#video', 'videoId': 'aMzPujG1IeQ'}"
"{'kind': 'youtube#video', 'videoId': 'iRoMRK3FyIo'}"
"{'kind': 'youtube#video', 'videoId': 'c3nFTvXNsT8'}"
"{'kind': 'youtube#video', 'videoId': 'YnQwc1BOIZI'}"
"{'kind': 'youtube#video', 'videoId': 'WRaiFB_a59Q'}"
"{'kind': 'youtube#video', 'videoId': 'LTnk5utK0kE'}"
"{'kind': 'youtube#video', 'videoId': 'wNi9hayTnaU'}"
"{'kind': 'youtube#video', 'videoId': '1xmjDqQz53Y'}"
"{'kind': 'youtube#video', 'videoId': 'PDdcrwJwg6o'}"
"{'kind': 'youtube#video', 'videoId': 'ewbjzfQaeOQ'}"
"{'kind': 'youtube#video', 'videoId': 'V2ffyfoXJOY'}"
"{'kind': 'youtube#video', 'videoId': 'v6sDyrOKvQc'}"
"{'kind': 'youtube#video', 'videoId': 'z1xyfRGx_aM'}"
"{'kind': 'youtube#video', 'videoId': 'PJ-z0jocR9E'}"
"{'kind': 'youtube#video', 'videoId': 'OYvXTu-aB3c'}"
"{'kind': 'youtube#video', 'videoId': 'Yq5khJOqzYI'}"
"{'kind': 'youtube#video', 'videoId': 'zeXvt85uHoY'}"
"{'kind': 'youtube#video', 'videoId': 'Ob_dEmetu5s'}"
"{'kind': 'youtube#video', 'videoId': 'PlPYD2sUz6U'}"
"{'kind': 'youtube#video', 'videoId': 'lD1EHMcjjTs'}"
"{'kind': 'youtube#video', 'videoId': 'i9nbi--f5ic'}"
"{'kind': 'youtube#video', 'videoId': 'NzNWNOVJgp0'}"
"{'kind': 'youtube#video', 'videoId': 'KoafqpO8bJQ'}"
"{'kind': 'youtube#video', 'videoId': 'EVglsJSU8n8'}"
"{'kind': 'youtube#video', 'videoId': 'LOstn6jiXVU'}"
"{'kind': 'youtube#video', 'videoId': 'oywEw5t7a3g'}"
"{'kind': 'youtube#video', 'videoId': 'RCiTmK35W30'}"
"{'kind': 'youtube#video', 'videoId': 'OK3esMbRQVo'}"
"{'kind': 'youtube#video', 'videoId': '9UFC_uqx-Uo'}"
"{'kind': 'youtube#video', 'videoId': 'NtCgcL_tupI'}"
"{'kind': 'youtube#video', 'videoId': 'lKdQHB5Emqw'}"
"{'kind': 'youtube#video', 'videoId': 'UW5SyHEI640'}"
"{'kind': 'youtube#video', 'videoId': 'LnaLBrE-CMU'}"
"{'kind': 'youtube#video', 'videoId': '456ZpoRaRWI'}"
"{'kind': 'youtube#video', 'videoId': 'dSHmXxx1Lzk'}"
"{'kind': 'youtube#video', 'videoId': 'owWtaZlRuP4'}"
"{'kind': 'youtube#video', 'videoId': 'njJZottIf8Q'}"
"{'kind': 'youtube#video', 'videoId': 'tsblvpFlWI8'}"
"{'kind': 'youtube#video', 'videoId': 'JeEDZ1iqr9w'}"
"{'kind': 'youtube#video', 'videoId': '4-9hfSfdDvI'}"
"{'kind': 'youtube#video', 'videoId': 'G2WhBCZMEGA'}"
"{'kind': 'youtube#video', 'videoId': 'Iua7tIftGVY'}"
"{'kind': 'youtube#video', 'videoId': '_w8C_7FMkUY'}"
"{'kind': 'youtube#video', 'videoId': 'epNPCa8ZaFk'}"
"{'kind': 'youtube#video', 'videoId': 'UmBkzuJxa4Y'}"
"{'kind': 'youtube#video', 'videoId': '1eZWQi2m_7E'}"
"{'kind': 'youtube#video', 'videoId': 'QtKBspG42sU'}"
"{'kind': 'youtube#video', 'videoId': '08-sQU4jRMI'}"
"{'kind': 'youtube#video', 'videoId': 'r-HAjimcRpM'}"
"{'kind': 'youtube#video', 'videoId': 'Hv054DyzJy4'}"
